{"cameraMode":{"drawMode":0,"name":"Shaded","section":"Shading Mode"},"sceneLighting":false,"audioPlay":false,"sceneViewState":{"showFog":false,"showMaterialUpdate":false,"showSkybox":false,"showFlares":false,"showImageEffects":false,"showParticleSystems":false},"in2DMode":false,"pivot":{"x":-0.021074295043945314,"y":-1.7156105041503907,"z":-0.8324146270751953},"rotation":{"x":0.3850964605808258,"y":-0.35211747884750368,"z":0.16163718700408936,"w":0.8377202749252319},"size":65.98567962646485,"orthographic":false}