{"cameraMode":{"drawMode":0,"name":"Shaded","section":"Shading Mode"},"sceneLighting":false,"audioPlay":false,"sceneViewState":{"showFog":false,"showMaterialUpdate":false,"showSkybox":false,"showFlares":false,"showImageEffects":false,"showParticleSystems":false},"in2DMode":false,"pivot":{"x":0.0,"y":6.500001430511475,"z":0.00000762939453125},"rotation":{"x":-0.4895097315311432,"y":0.27579134702682497,"z":-0.16638167202472688,"w":-0.8104369044303894},"size":25.150388717651368,"orthographic":false}