{"cameraMode":{"drawMode":0,"name":"Shaded","section":"Shading Mode"},"sceneLighting":true,"audioPlay":false,"sceneViewState":{"showFog":true,"showMaterialUpdate":true,"showSkybox":false,"showFlares":true,"showImageEffects":true,"showParticleSystems":true},"in2DMode":false,"pivot":{"x":-1.2414817810058594,"y":-39.85182189941406,"z":-50.85206604003906},"rotation":{"x":0.05681433156132698,"y":-0.9134438633918762,"z":0.3790144920349121,"w":0.13692517578601838},"size":190.1607666015625,"orthographic":false}