{"cameraMode":{"drawMode":0,"name":"Shaded","section":"Shading Mode"},"sceneLighting":false,"audioPlay":false,"sceneViewState":{"showFog":true,"showMaterialUpdate":true,"showSkybox":false,"showFlares":true,"showImageEffects":true,"showParticleSystems":true},"in2DMode":false,"pivot":{"x":10.99998664855957,"y":-3.734592914581299,"z":0.7381814122200012},"rotation":{"x":-0.1722097247838974,"y":-0.6666316986083984,"z":0.16220922768115998,"w":-0.7070359587669373},"size":17.90061378479004,"orthographic":false}