{"cameraMode":{"drawMode":0,"name":"Shaded","section":"Shading Mode"},"sceneLighting":false,"audioPlay":false,"sceneViewState":{"showFog":true,"showMaterialUpdate":true,"showSkybox":false,"showFlares":true,"showImageEffects":true,"showParticleSystems":true},"in2DMode":false,"pivot":{"x":-0.1254073977470398,"y":0.5409093499183655,"z":0.30973541736602785},"rotation":{"x":0.10434741526842118,"y":-0.8689911365509033,"z":0.20743048191070558,"w":0.43723779916763308},"size":2.3542470932006838,"orthographic":false}