{"cameraMode":{"drawMode":0,"name":"Shaded","section":"Shading Mode"},"sceneLighting":false,"audioPlay":false,"sceneViewState":{"showFog":true,"showMaterialUpdate":true,"showSkybox":false,"showFlares":true,"showImageEffects":true,"showParticleSystems":true},"in2DMode":false,"pivot":{"x":0.6145000457763672,"y":-0.4026409089565277,"z":0.1591920256614685},"rotation":{"x":0.1752905696630478,"y":0.6623286008834839,"z":-0.16318565607070924,"w":0.7100944519042969},"size":0.8618735074996948,"orthographic":false}