{"cameraMode":{"drawMode":0,"name":"Shaded","section":"Shading Mode"},"sceneLighting":false,"audioPlay":false,"sceneViewState":{"showFog":true,"showMaterialUpdate":true,"showSkybox":false,"showFlares":true,"showImageEffects":true,"showParticleSystems":true},"in2DMode":false,"pivot":{"x":1.3711411952972413,"y":-1.4627635478973389,"z":2.3265504837036135},"rotation":{"x":-0.2599261403083801,"y":-0.1981227546930313,"z":0.05463872104883194,"w":-0.943594753742218},"size":4.640305042266846,"orthographic":false}