{"cameraMode":{"drawMode":0,"name":"Shaded","section":"Shading Mode"},"sceneLighting":false,"audioPlay":false,"sceneViewState":{"showFog":true,"showMaterialUpdate":true,"showSkybox":false,"showFlares":true,"showImageEffects":true,"showParticleSystems":true},"in2DMode":false,"pivot":{"x":7.190934658050537,"y":0.3356328010559082,"z":6.473180294036865},"rotation":{"x":0.16458991169929505,"y":0.5656867623329163,"z":-0.11615467071533203,"w":0.7998050451278687},"size":1.1447265148162842,"orthographic":false}