{"cameraMode":{"drawMode":0,"name":"Shaded","section":"Shading Mode"},"sceneLighting":false,"audioPlay":false,"sceneViewState":{"showFog":true,"showMaterialUpdate":true,"showSkybox":false,"showFlares":true,"showImageEffects":true,"showParticleSystems":true},"in2DMode":false,"pivot":{"x":5.9357805252075199,"y":1.423628330230713,"z":6.119363307952881},"rotation":{"x":0.22420266270637513,"y":0.5171095132827759,"z":-0.1424245834350586,"w":0.8138107657432556},"size":9.793288230895996,"orthographic":false}