{"cameraMode":{"drawMode":0,"name":"Shaded","section":"Shading Mode"},"sceneLighting":false,"audioPlay":false,"sceneViewState":{"showFog":true,"showMaterialUpdate":true,"showSkybox":false,"showFlares":true,"showImageEffects":true,"showParticleSystems":true},"in2DMode":false,"pivot":{"x":-6.837368965148926,"y":-30.02727508544922,"z":6.556480407714844},"rotation":{"x":-0.5070170760154724,"y":0.35786283016204836,"z":-0.24341841042041779,"w":-0.7454022169113159},"size":80.3791732788086,"orthographic":false}