{"cameraMode":{"drawMode":0,"name":"Shaded","section":"Shading Mode"},"sceneLighting":false,"audioPlay":false,"sceneViewState":{"showFog":true,"showMaterialUpdate":true,"showSkybox":false,"showFlares":true,"showImageEffects":true,"showParticleSystems":true},"in2DMode":false,"pivot":{"x":-3.8000001907348635,"y":1.2000000476837159,"z":-0.15000000596046449},"rotation":{"x":0.20605960488319398,"y":0.7171648144721985,"z":-0.2374984622001648,"w":0.6221745014190674},"size":2.3855605125427248,"orthographic":false}