{"cameraMode":{"drawMode":0,"name":"Shaded","section":"Shading Mode"},"sceneLighting":false,"audioPlay":false,"sceneViewState":{"showFog":true,"showMaterialUpdate":true,"showSkybox":false,"showFlares":true,"showImageEffects":true,"showParticleSystems":true},"in2DMode":false,"pivot":{"x":29.06606674194336,"y":-3.349705219268799,"z":6.745135307312012},"rotation":{"x":0.21624664962291718,"y":0.6344327926635742,"z":-0.19124731421470643,"w":0.7172505855560303},"size":0.04620019346475601,"orthographic":false}