{"cameraMode":{"drawMode":0,"name":"Shaded","section":"Shading Mode"},"sceneLighting":false,"audioPlay":false,"sceneViewState":{"showFog":true,"showMaterialUpdate":true,"showSkybox":false,"showFlares":true,"showImageEffects":true,"showParticleSystems":true},"in2DMode":false,"pivot":{"x":0.038204461336135867,"y":-0.0012070834636688233,"z":0.2730995714664459},"rotation":{"x":-0.07882587611675263,"y":-0.921248733997345,"z":0.26271015405654909,"w":-0.2762394845485687},"size":1.6730456352233887,"orthographic":false}