{"cameraMode":{"drawMode":0,"name":"Shaded","section":"Shading Mode"},"sceneLighting":false,"audioPlay":false,"sceneViewState":{"showFog":true,"showMaterialUpdate":true,"showSkybox":false,"showFlares":true,"showImageEffects":true,"showParticleSystems":true},"in2DMode":false,"pivot":{"x":29.06606674194336,"y":-3.349705219268799,"z":6.745135307312012},"rotation":{"x":-0.33592313528060915,"y":0.524091362953186,"z":-0.23593293130397798,"w":-0.7462049722671509},"size":0.34620004892349245,"orthographic":false}